fpr,tpr
0.0,0.0
0.0,0.000427715996578272
0.0,0.028656971770744225
0.0,0.02951240376390077
0.0,0.10307955517536356
0.0,0.10393498716852011
0.0,0.20872540633019676
0.00013457139012245997,0.20872540633019676
0.00013457139012245997,0.23053892215568864
0.0005382855604898399,0.23053892215568864
0.0005382855604898399,0.23182207014542344
0.0006728569506122998,0.23182207014542344
0.0006728569506122998,0.2399486740804106
0.0008074283407347598,0.2399486740804106
0.0008074283407347598,0.2416595380667237
0.0010765711209796797,0.2416595380667237
0.0010765711209796797,0.2643284858853721
0.0012111425111021397,0.2643284858853721
0.0012111425111021397,0.26518391787852863
0.0013457139012245996,0.26518391787852863
0.0013457139012245996,0.26817792985457656
0.0016148566814695195,0.26817792985457656
0.0016148566814695195,0.26988879384088965
0.0017494280715919794,0.26988879384088965
0.0017494280715919794,0.27245508982035926
0.0018839994617144396,0.27245508982035926
0.0018839994617144396,0.2737382378100941
0.0020185708518368995,0.2737382378100941
0.0020185708518368995,0.27929854576561164
0.0021531422419593595,0.27929854576561164
0.0021531422419593595,0.28100940975192473
0.0022877136320818194,0.28100940975192473
0.0022877136320818194,0.28186484174508125
0.0024222850222042794,0.28186484174508125
0.0024222850222042794,0.28699743370402053
0.0025568564123267393,0.28699743370402053
0.0025568564123267393,0.3058169375534645
0.0026914278024491992,0.3058169375534645
0.0026914278024491992,0.30710008554319934
0.002825999192571659,0.30710008554319934
0.002825999192571659,0.3118049615055603
0.002960570582694119,0.3118049615055603
0.002960570582694119,0.3135158254918734
0.003229713362939039,0.3135158254918734
0.003229713362939039,0.3177929854576561
0.003498856143183959,0.3177929854576561
0.003498856143183959,0.3203592814371258
0.0036334275333064193,0.3203592814371258
0.0036334275333064193,0.32164242942686055
0.003767998923428879,0.32164242942686055
0.003767998923428879,0.32848588537211293
0.003902570313551339,0.32848588537211293
0.003902570313551339,0.3306244653550043
0.004171713093796259,0.3306244653550043
0.004171713093796259,0.33447390932420873
0.004306284483918719,0.33447390932420873
0.004306284483918719,0.334901625320787
0.0044408558740411785,0.334901625320787
0.0044408558740411785,0.3361847733105218
0.004709998654286098,0.3361847733105218
0.004709998654286098,0.33704020530367834
0.004844570044408559,0.33704020530367834
0.004844570044408559,0.3383233532934132
0.005248284214775939,0.3383233532934132
0.005248284214775939,0.339606501283148
0.0053828556048983985,0.339606501283148
0.0053828556048983985,0.3413173652694611
0.005517426995020859,0.3413173652694611
0.005517426995020859,0.34473909324208724
0.005651998385143318,0.34473909324208724
0.005651998385143318,0.34773310521813516
0.005921141165388238,0.34773310521813516
0.005921141165388238,0.3550042771599658
0.006055712555510699,0.3550042771599658
0.006055712555510699,0.35543199315654406
0.006190283945633158,0.35543199315654406
0.006190283945633158,0.3558597091531223
0.0063248553357556185,0.3558597091531223
0.0063248553357556185,0.3562874251497006
0.006459426725878078,0.3562874251497006
0.006459426725878078,0.3575705731394354
0.006593998116000538,0.3575705731394354
0.006593998116000538,0.36056458511548334
0.006728569506122998,0.36056458511548334
0.006728569506122998,0.3627031650983747
0.006997712286367918,0.3627031650983747
0.006997712286367918,0.3644140290846878
0.007132283676490378,0.3644140290846878
0.007132283676490378,0.36569717707442256
0.0072668550666128385,0.36569717707442256
0.0072668550666128385,0.3686911890504705
0.007401426456735298,0.3686911890504705
0.007401426456735298,0.3712574850299401
0.007535997846857758,0.3712574850299401
0.007535997846857758,0.3716852010265184
0.007670569236980218,0.3716852010265184
0.007670569236980218,0.37254063301967494
0.007939712017225138,0.37254063301967494
0.007939712017225138,0.3776732249786142
0.008208854797470059,0.3776732249786142
0.008208854797470059,0.3793840889649273
0.008343426187592517,0.3793840889649273
0.008343426187592517,0.38451668092386654
0.008477997577714978,0.38451668092386654
0.008477997577714978,0.3849443969204448
0.008612568967837438,0.3849443969204448
0.008612568967837438,0.38622754491017963
0.008747140357959898,0.38622754491017963
0.008747140357959898,0.388366124893071
0.008881711748082357,0.388366124893071
0.008881711748082357,0.3887938408896493
0.009016283138204817,0.3887938408896493
0.009016283138204817,0.3917878528656972
0.009150854528327278,0.3917878528656972
0.009150854528327278,0.3960650128314799
0.009823711478939578,0.3960650128314799
0.009823711478939578,0.39948674080410607
0.009958282869062038,0.39948674080410607
0.009958282869062038,0.4020530367835757
0.010092854259184497,0.4020530367835757
0.010092854259184497,0.402480752780154
0.010361997039429418,0.402480752780154
0.010361997039429418,0.4084687767322498
0.010496568429551878,0.4084687767322498
0.010496568429551878,0.4093242087254063
0.010631139819674337,0.4093242087254063
0.010631139819674337,0.41231822070145424
0.010765711209796797,0.41231822070145424
0.010765711209796797,0.41402908468776733
0.010900282599919257,0.41402908468776733
0.010900282599919257,0.41659538066723695
0.011034853990041718,0.41659538066723695
0.011034853990041718,0.4170230966638152
0.011169425380164176,0.4170230966638152
0.011169425380164176,0.41830624465355004
0.011303996770286637,0.41830624465355004
0.011303996770286637,0.4195893926432849
0.011438568160409097,0.4195893926432849
0.011438568160409097,0.42087254063301965
0.011842282330776477,0.42087254063301965
0.011842282330776477,0.4238665526090676
0.012111425111021397,0.4238665526090676
0.012111425111021397,0.42771599657827203
0.012515139281388777,0.42771599657827203
0.012515139281388777,0.42857142857142855
0.012918853451756156,0.42857142857142855
0.012918853451756156,0.42899914456800686
0.013053424841878616,0.42899914456800686
0.013053424841878616,0.4294268605645851
0.013322567622123537,0.4294268605645851
0.013322567622123537,0.43327630453378957
0.013457139012245996,0.43327630453378957
0.013457139012245996,0.43498716852010266
0.013591710402368456,0.43498716852010266
0.013591710402368456,0.4358426005132592
0.014264567352980756,0.4358426005132592
0.014264567352980756,0.43669803250641576
0.014668281523348136,0.43669803250641576
0.014668281523348136,0.4422583404619333
0.014802852913470596,0.4422583404619333
0.014802852913470596,0.44268605645851156
0.014937424303593056,0.44268605645851156
0.014937424303593056,0.4448246364414029
0.015206567083837975,0.4448246364414029
0.015206567083837975,0.44568006843455943
0.015475709864082896,0.44568006843455943
0.015475709864082896,0.4473909324208725
0.015610281254205357,0.4473909324208725
0.015610281254205357,0.45209580838323354
0.015879424034450276,0.45209580838323354
0.015879424034450276,0.4525235243798118
0.016013995424572734,0.4525235243798118
0.016013995424572734,0.4568006843455945
0.016283138204817655,0.4568006843455945
0.016283138204817655,0.4576561163387511
0.016417709594940117,0.4576561163387511
0.016417709594940117,0.46107784431137727
0.016552280985062576,0.46107784431137727
0.016552280985062576,0.4619332763045338
0.016686852375185034,0.4619332763045338
0.016686852375185034,0.4627887082976903
0.016821423765307496,0.4627887082976903
0.016821423765307496,0.4636441402908469
0.017090566545552417,0.4636441402908469
0.017090566545552417,0.46535500427716
0.017225137935674876,0.46535500427716
0.017225137935674876,0.46663815226689476
0.017359709325797335,0.46663815226689476
0.017359709325797335,0.4679213002566296
0.017494280715919797,0.4679213002566296
0.017494280715919797,0.46834901625320785
0.017763423496164714,0.46834901625320785
0.017763423496164714,0.47005988023952094
0.017897994886287176,0.47005988023952094
0.017897994886287176,0.4704875962360992
0.018032566276409635,0.4704875962360992
0.018032566276409635,0.4713430282292558
0.018301709056654555,0.4713430282292558
0.018301709056654555,0.47348160821214713
0.018436280446777014,0.47348160821214713
0.018436280446777014,0.4773310521813516
0.018570851836899476,0.4773310521813516
0.018570851836899476,0.47775876817792984
0.018839994617144393,0.47775876817792984
0.018839994617144393,0.47946963216424293
0.018974566007266856,0.47946963216424293
0.018974566007266856,0.48075278015397777
0.019109137397389314,0.48075278015397777
0.019109137397389314,0.481180496150556
0.019378280177634235,0.481180496150556
0.019378280177634235,0.4875962360992301
0.019647422957879156,0.4875962360992301
0.019647422957879156,0.4893071000855432
0.020051137128246535,0.4893071000855432
0.020051137128246535,0.4914456800684346
0.020185708518368994,0.4914456800684346
0.020185708518368994,0.49272882805816937
0.020320279908491456,0.49272882805816937
0.020320279908491456,0.49358426005132594
0.020454851298613914,0.49358426005132594
0.020454851298613914,0.4957228400342173
0.020589422688736373,0.4957228400342173
0.020589422688736373,0.4965782720273738
0.020858565468981294,0.4965782720273738
0.020858565468981294,0.4974337040205304
0.020993136859103756,0.4974337040205304
0.020993136859103756,0.4982891360136869
0.021127708249226215,0.4982891360136869
0.021127708249226215,0.49871685201026517
0.021262279639348673,0.49871685201026517
0.021262279639348673,0.4991445680068435
0.021396851029471135,0.4991445680068435
0.021396851029471135,0.5012831479897348
0.021665993809716056,0.5012831479897348
0.021935136589960973,0.5012831479897348
0.021935136589960973,0.5025662959794697
0.022069707980083435,0.5025662959794697
0.022069707980083435,0.5029940119760479
0.022473422150450815,0.5029940119760479
0.022473422150450815,0.5038494439692045
0.022607993540573273,0.5038494439692045
0.022607993540573273,0.5051325919589392
0.022742564930695736,0.5051325919589392
0.022742564930695736,0.5055603079555175
0.022877136320818194,0.5055603079555175
0.022877136320818194,0.5059880239520959
0.023011707710940653,0.5059880239520959
0.023011707710940653,0.5068434559452524
0.023146279101063115,0.5068434559452524
0.023146279101063115,0.5089820359281437
0.023280850491185574,0.5089820359281437
0.023280850491185574,0.5094097519247219
0.023415421881308032,0.5094097519247219
0.023415421881308032,0.5102651839178786
0.023549993271430494,0.5102651839178786
0.023549993271430494,0.5119760479041916
0.023684564661552953,0.5119760479041916
0.023684564661552953,0.5124037639007699
0.023819136051675415,0.5124037639007699
0.023819136051675415,0.5128314798973481
0.023953707441797874,0.5128314798973481
0.023953707441797874,0.5136869118905047
0.024088278831920332,0.5136869118905047
0.024088278831920332,0.5145423438836613
0.024357421612165253,0.5145423438836613
0.024357421612165253,0.5166809238665526
0.024491993002287715,0.5166809238665526
0.024491993002287715,0.5171086398631308
0.024761135782532633,0.5171086398631308
0.024761135782532633,0.5179640718562875
0.024895707172655095,0.5179640718562875
0.024895707172655095,0.518819503849444
0.025164849952900012,0.518819503849444
0.025164849952900012,0.5192472198460223
0.025299421343022474,0.5192472198460223
0.025299421343022474,0.520530367835757
0.025568564123267395,0.520530367835757
0.025568564123267395,0.523524379811805
0.025972278293634774,0.523524379811805
0.025972278293634774,0.5239520958083832
0.026106849683757233,0.5239520958083832
0.026106849683757233,0.5248075278015398
0.02624142107387969,0.5248075278015398
0.02624142107387969,0.525235243798118
0.026375992464002154,0.525235243798118
0.026375992464002154,0.5256629597946963
0.026645135244247074,0.5256629597946963
0.026645135244247074,0.5260906757912746
0.026779706634369533,0.5260906757912746
0.026779706634369533,0.5269461077844312
0.02691427802449199,0.5269461077844312
0.02691427802449199,0.5273738237810094
0.027048849414614454,0.5273738237810094
0.027048849414614454,0.5278015397775877
0.027183420804736912,0.5278015397775877
0.027183420804736912,0.5286569717707442
0.027317992194859374,0.5286569717707442
0.027317992194859374,0.5290846877673225
0.027452563584981833,0.5290846877673225
0.027452563584981833,0.5307955517536356
0.02758713497510429,0.5307955517536356
0.02758713497510429,0.5325064157399487
0.027856277755349212,0.5325064157399487
0.027856277755349212,0.5329341317365269
0.02799084914547167,0.5329341317365269
0.02799084914547167,0.5346449957228401
0.028932848876328892,0.5346449957228401
0.028932848876328892,0.5350727117194183
0.029067420266451354,0.5350727117194183
0.029067420266451354,0.5359281437125748
0.029605705826941192,0.5359281437125748
0.029605705826941192,0.5372112917023096
0.029874848607186113,0.5372112917023096
0.029874848607186113,0.5384944396920445
0.03000941999730857,0.5384944396920445
0.03000941999730857,0.539349871685201
0.030278562777553492,0.539349871685201
0.030278562777553492,0.5397775876817793
0.03041313416767595,0.5397775876817793
0.03041313416767595,0.5419161676646707
0.030547705557798413,0.5419161676646707
0.030547705557798413,0.542343883661249
0.03068227694792087,0.542343883661249
0.03068227694792087,0.5427715996578272
0.03108599111828825,0.5427715996578272
0.03108599111828825,0.5436270316509837
0.031220562508410713,0.5436270316509837
0.031220562508410713,0.5444824636441403
0.031489705288655634,0.5444824636441403
0.031489705288655634,0.5453378956372968
0.03162427667877809,0.5453378956372968
0.03162427667877809,0.5457656116338752
0.03175884806890055,0.5457656116338752
0.03175884806890055,0.5466210436270317
0.03189341945902301,0.5466210436270317
0.03189341945902301,0.5470487596236099
0.03202799084914547,0.5470487596236099
0.03202799084914547,0.5479041916167665
0.03256627640963531,0.5479041916167665
0.03256627640963531,0.5496150556030795
0.03296999058000269,0.5496150556030795
0.03296999058000269,0.5504704875962361
0.03310456197012515,0.5504704875962361
0.03310456197012515,0.5517536355859709
0.033239133360247614,0.5517536355859709
0.033239133360247614,0.553464499572284
0.03337370475037007,0.553464499572284
0.03337370475037007,0.5538922155688623
0.03350827614049253,0.5538922155688623
0.03350827614049253,0.5556030795551754
0.03364284753061499,0.5556030795551754
0.03364284753061499,0.5560307955517536
0.034181133091104834,0.5560307955517536
0.034181133091104834,0.561163387510693
0.03431570448122729,0.561163387510693
0.03431570448122729,0.5615911035072711
0.03445027587134975,0.5615911035072711
0.03445027587134975,0.5624465355004277
0.03471941865159467,0.5624465355004277
0.03471941865159467,0.562874251497006
0.03485399004171713,0.562874251497006
0.03485399004171713,0.5637296834901625
0.03512313282196205,0.5637296834901625
0.03512313282196205,0.5650128314798973
0.03552684699232943,0.5650128314798973
0.03552684699232943,0.5667236954662105
0.03566141838245189,0.5667236954662105
0.03566141838245189,0.5680068434559452
0.03579598977257435,0.5680068434559452
0.03579598977257435,0.5688622754491018
0.035930561162696814,0.5688622754491018
0.035930561162696814,0.5701454234388366
0.03606513255281927,0.5701454234388366
0.03606513255281927,0.5705731394354149
0.03619970394294173,0.5705731394354149
0.03619970394294173,0.5714285714285714
0.036334275333064193,0.5714285714285714
0.036334275333064193,0.572284003421728
0.03673798950343157,0.572284003421728
0.03673798950343157,0.5727117194183062
0.03687256089355403,0.5727117194183062
0.03687256089355403,0.5744225834046194
0.03700713228367649,0.5744225834046194
0.03700713228367649,0.5757057313943541
0.03714170367379895,0.5757057313943541
0.03714170367379895,0.5765611633875107
0.03727627506392141,0.5765611633875107
0.03727627506392141,0.5774165953806673
0.03781456062441125,0.5774165953806673
0.03781456062441125,0.5782720273738238
0.03794913201453371,0.5782720273738238
0.03794913201453371,0.5786997433704021
0.03808370340465617,0.5786997433704021
0.03808370340465617,0.5812660393498716
0.03821827479477863,0.5812660393498716
0.03821827479477863,0.5821214713430283
0.03848741757502355,0.5821214713430283
0.03848741757502355,0.5825491873396065
0.03889113174539093,0.5825491873396065
0.03889113174539093,0.5829769033361848
0.03902570313551339,0.5829769033361848
0.03902570313551339,0.5838323353293413
0.03916027452563585,0.5838323353293413
0.03916027452563585,0.5846877673224978
0.03929484591575831,0.5846877673224978
0.03929484591575831,0.5851154833190761
0.04010227425649307,0.5851154833190761
0.04010227425649307,0.5855431993156544
0.04104427398735029,0.5855431993156544
0.04104427398735029,0.5859709153122327
0.04144798815771767,0.5859709153122327
0.04144798815771767,0.586398631308811
0.04158255954784013,0.586398631308811
0.04158255954784013,0.5876817792985458
0.04171713093796259,0.5876817792985458
0.04171713093796259,0.5885372112917023
0.04198627371820751,0.5885372112917023
0.04198627371820751,0.5893926432848589
0.04212084510832997,0.5893926432848589
0.04212084510832997,0.5898203592814372
0.04238998788857489,0.5898203592814372
0.04238998788857489,0.5906757912745937
0.042524559278697346,0.5906757912745937
0.042524559278697346,0.592814371257485
0.04279370205894227,0.592814371257485
0.04279370205894227,0.5932420872540634
0.04306284483918719,0.5932420872540634
0.04306284483918719,0.5940975192472199
0.04333198761943211,0.5940975192472199
0.04333198761943211,0.5953806672369547
0.04346655900955457,0.5953806672369547
0.04346655900955457,0.5970915312232677
0.04373570178979949,0.5970915312232677
0.04373570178979949,0.5975192472198461
0.04387027317992195,0.5975192472198461
0.04387027317992195,0.5983746792130026
0.04400484457004441,0.5983746792130026
0.04400484457004441,0.5988023952095808
0.04413941596016687,0.5988023952095808
0.04413941596016687,0.5996578272027374
0.04454313013053425,0.5996578272027374
0.04454313013053425,0.6000855431993156
0.044677701520656705,0.6000855431993156
0.044677701520656705,0.6005132591958939
0.04481227291077917,0.6005132591958939
0.04481227291077917,0.602224123182207
0.04494684430090163,0.602224123182207
0.04494684430090163,0.6026518391787853
0.04548512986139147,0.6026518391787853
0.04548512986139147,0.6035072711719418
0.045619701251513926,0.6035072711719418
0.045619701251513926,0.6043627031650983
0.04588884403175885,0.6043627031650983
0.04588884403175885,0.6047904191616766
0.04629255820212623,0.6047904191616766
0.04629255820212623,0.6056458511548332
0.04656170098237115,0.6056458511548332
0.04656170098237115,0.6060735671514115
0.046830843762616065,0.6060735671514115
0.046830843762616065,0.6077844311377245
0.04696541515273853,0.6077844311377245
0.04696541515273853,0.6090675791274593
0.04709998654286099,0.6090675791274593
0.04709998654286099,0.6107784431137725
0.04723455793298345,0.6107784431137725
0.04723455793298345,0.611633875106929
0.04750370071322837,0.611633875106929
0.04750370071322837,0.6120615911035072
0.047772843493473285,0.6120615911035072
0.047772843493473285,0.6129170230966638
0.04790741488359575,0.6129170230966638
0.04790741488359575,0.6137724550898204
0.04804198627371821,0.6137724550898204
0.04804198627371821,0.6142001710863987
0.048176557663840665,0.6142001710863987
0.048176557663840665,0.61633875106929
0.04831112905396313,0.61633875106929
0.04831112905396313,0.6171941830624466
0.04844570044408559,0.6171941830624466
0.04844570044408559,0.6176218990590248
0.04898398600457543,0.6176218990590248
0.04898398600457543,0.6180496150556031
0.049118557394697886,0.6180496150556031
0.049118557394697886,0.6193327630453379
0.04925312878482035,0.6193327630453379
0.04925312878482035,0.6201881950384944
0.04938770017494281,0.6201881950384944
0.04938770017494281,0.6214713430282293
0.049522271565065265,0.6214713430282293
0.049522271565065265,0.6223267750213858
0.04979141434531019,0.6223267750213858
0.04979141434531019,0.6231822070145423
0.050329699905800024,0.6231822070145423
0.050329699905800024,0.6236099230111206
0.05059884268604495,0.6236099230111206
0.05059884268604495,0.6240376390076989
0.051271699636657245,0.6240376390076989
0.051271699636657245,0.6248930710008554
0.05194455658726955,0.6248930710008554
0.05194455658726955,0.625748502994012
0.052079127977392004,0.625748502994012
0.052079127977392004,0.6266039349871685
0.052213699367514466,0.6266039349871685
0.052213699367514466,0.6270316509837468
0.05234827075763693,0.6270316509837468
0.05234827075763693,0.6274593669803251
0.052617413537881845,0.6274593669803251
0.052617413537881845,0.6283147989734816
0.05275198492800431,0.6283147989734816
0.05275198492800431,0.6291702309666382
0.05288655631812677,0.6291702309666382
0.05288655631812677,0.6300256629597947
0.053021127708249224,0.6300256629597947
0.053021127708249224,0.6308810949529512
0.053424841878616604,0.6308810949529512
0.053424841878616604,0.6313088109495295
0.053559413268739066,0.6313088109495295
0.053559413268739066,0.6317365269461078
0.05369398465886153,0.6317365269461078
0.05369398465886153,0.632164242942686
0.05382855604898398,0.632164242942686
0.05382855604898398,0.6334473909324209
0.05423227021935136,0.6334473909324209
0.05423227021935136,0.6338751069289992
0.05450141299959629,0.6338751069289992
0.05450141299959629,0.6355859709153122
0.054770555779841204,0.6355859709153122
0.054770555779841204,0.6364414029084687
0.054905127169963666,0.6364414029084687
0.054905127169963666,0.636869118905047
0.05544341273045351,0.636869118905047
0.05544341273045351,0.6377245508982036
0.055712555510698425,0.6377245508982036
0.055712555510698425,0.6381522668947819
0.056116269681065804,0.6381522668947819
0.056116269681065804,0.6390076988879384
0.056250841071188266,0.6390076988879384
0.056250841071188266,0.6398631308810949
0.056519983851433184,0.6398631308810949
0.056519983851433184,0.6402908468776732
0.056654555241555646,0.6402908468776732
0.056654555241555646,0.6411462788708298
0.05719284080204549,0.6411462788708298
0.05719284080204549,0.6415739948674081
0.057461983582290405,0.6415739948674081
0.057461983582290405,0.6424294268605646
0.05813484053290271,0.6424294268605646
0.05813484053290271,0.6445680068434559
0.05907684026375992,0.6445680068434559
0.05907684026375992,0.6458511548331908
0.059749697214372226,0.6458511548331908
0.059749697214372226,0.6471343028229256
0.06028798277486207,0.6471343028229256
0.06028798277486207,0.6479897348160821
0.06042255416498452,0.6479897348160821
0.06042255416498452,0.6484174508126604
0.06122998250571928,0.6484174508126604
0.06122998250571928,0.6488451668092386
0.06136455389584174,0.6488451668092386
0.06136455389584174,0.649272882805817
0.061499125285964205,0.649272882805817
0.061499125285964205,0.6505560307955518
0.06176826806620912,0.6505560307955518
0.06176826806620912,0.6514114627887083
0.061902839456331585,0.6514114627887083
0.061902839456331585,0.6518391787852865
0.062441125016821426,0.6518391787852865
0.062441125016821426,0.6526946107784432
0.06257569640694388,0.6526946107784432
0.06257569640694388,0.6531223267750214
0.06297941057731127,0.6531223267750214
0.06297941057731127,0.6535500427715997
0.06311398196743373,0.6535500427715997
0.06311398196743373,0.655688622754491
0.0635176961378011,0.655688622754491
0.0635176961378011,0.6569717707442259
0.06365226752792356,0.6569717707442259
0.06365226752792356,0.6573994867408041
0.06392141030816849,0.6573994867408041
0.06392141030816849,0.6595380667236954
0.06405598169829094,0.6595380667236954
0.06405598169829094,0.6599657827202737
0.06432512447853586,0.6599657827202737
0.06432512447853586,0.660393498716852
0.06445969586865832,0.660393498716852
0.06445969586865832,0.6612489307100086
0.06513255281927062,0.6612489307100086
0.06513255281927062,0.6616766467065869
0.06540169559951554,0.6616766467065869
0.06540169559951554,0.6625320786997434
0.06567083837976047,0.6625320786997434
0.06567083837976047,0.6629597946963216
0.06580540976988292,0.6629597946963216
0.06580540976988292,0.6633875106928999
0.06593998116000538,0.6633875106928999
0.06593998116000538,0.6638152266894782
0.06634369533037277,0.6638152266894782
0.06634369533037277,0.6655260906757913
0.06647826672049523,0.6655260906757913
0.06647826672049523,0.6659538066723696
0.06661283811061769,0.6659538066723696
0.06661283811061769,0.6668092386655261
0.06674740950074014,0.6668092386655261
0.06674740950074014,0.6672369546621043
0.0668819808908626,0.6672369546621043
0.0668819808908626,0.6685201026518391
0.06715112367110752,0.6685201026518391
0.06715112367110752,0.6689478186484175
0.06728569506122999,0.6689478186484175
0.06728569506122999,0.669803250641574
0.06742026645135245,0.669803250641574
0.06742026645135245,0.6702309666381523
0.06768940923159736,0.6702309666381523
0.06768940923159736,0.6706586826347305
0.06782398062171982,0.6706586826347305
0.06782398062171982,0.6715141146278871
0.06795855201184228,0.6715141146278871
0.06795855201184228,0.6723695466210436
0.06836226618220967,0.6723695466210436
0.06836226618220967,0.6732249786142002
0.06863140896245458,0.6732249786142002
0.06863140896245458,0.6740804106073567
0.06903512313282197,0.6740804106073567
0.06903512313282197,0.674508126603935
0.06916969452294443,0.674508126603935
0.06916969452294443,0.6753635585970915
0.06930426591306688,0.6753635585970915
0.06930426591306688,0.6757912745936698
0.07011169425380165,0.6757912745936698
0.07011169425380165,0.6770744225834047
0.0702462656439241,0.6770744225834047
0.0702462656439241,0.6787852865697177
0.07038083703404656,0.6787852865697177
0.07038083703404656,0.679213002566296
0.07064997981429148,0.679213002566296
0.07064997981429148,0.6796407185628742
0.07132283676490378,0.6796407185628742
0.07132283676490378,0.6830624465355004
0.0715919795451487,0.6830624465355004
0.0715919795451487,0.6834901625320787
0.07199569371551608,0.6834901625320787
0.07199569371551608,0.6839178785286569
0.07213026510563854,0.6839178785286569
0.07213026510563854,0.6843455945252352
0.07253397927600592,0.6843455945252352
0.07253397927600592,0.6852010265183918
0.07280312205625084,0.6852010265183918
0.07280312205625084,0.6856287425149701
0.0736105503969856,0.6856287425149701
0.0736105503969856,0.6860564585115483
0.07374512178710806,0.6860564585115483
0.07374512178710806,0.6864841745081266
0.07387969317723052,0.6864841745081266
0.07387969317723052,0.6869118905047049
0.0742834073475979,0.6869118905047049
0.0742834073475979,0.6894781864841745
0.07441797873772037,0.6894781864841745
0.07441797873772037,0.6903336184773311
0.07468712151796528,0.6903336184773311
0.07468712151796528,0.6916167664670658
0.07482169290808774,0.6916167664670658
0.07482169290808774,0.6941830624465355
0.07535997846857757,0.6941830624465355
0.07535997846857757,0.695038494439692
0.07589826402906742,0.695038494439692
0.07589826402906742,0.6954662104362703
0.07616740680931235,0.6954662104362703
0.07616740680931235,0.6958939264328486
0.0763019781994348,0.6958939264328486
0.0763019781994348,0.6963216424294268
0.07643654958955726,0.6963216424294268
0.07643654958955726,0.6971770744225834
0.07657112097967972,0.6971770744225834
0.07657112097967972,0.6976047904191617
0.07751312071053694,0.6976047904191617
0.07751312071053694,0.69803250641574
0.07858969183151662,0.69803250641574
0.07858969183151662,0.699743370402053
0.07872426322163908,0.699743370402053
0.07872426322163908,0.7001710863986313
0.07885883461176153,0.7001710863986313
0.07885883461176153,0.7005988023952096
0.078993406001884,0.7005988023952096
0.078993406001884,0.7014542343883661
0.07980083434261875,0.7014542343883661
0.07980083434261875,0.7018819503849444
0.07993540573274122,0.7018819503849444
0.07993540573274122,0.7031650983746792
0.08006997712286368,0.7031650983746792
0.08006997712286368,0.704448246364414
0.08020454851298614,0.704448246364414
0.08020454851298614,0.7048759623609923
0.0803391199031086,0.7048759623609923
0.0803391199031086,0.7053036783575706
0.08047369129323106,0.7053036783575706
0.08047369129323106,0.7061591103507271
0.0810119768537209,0.7061591103507271
0.0810119768537209,0.7070145423438836
0.08128111963396582,0.7070145423438836
0.08128111963396582,0.7074422583404619
0.08141569102408829,0.7074422583404619
0.08141569102408829,0.7078699743370402
0.0816848338043332,0.7078699743370402
0.0816848338043332,0.7082976903336184
0.08181940519445566,0.7082976903336184
0.08181940519445566,0.712147134302823
0.08195397658457812,0.712147134302823
0.08195397658457812,0.7125748502994012
0.08235769075494549,0.7125748502994012
0.08235769075494549,0.7130025662959795
0.08276140492531288,0.7130025662959795
0.08276140492531288,0.7134302822925578
0.08289597631543534,0.7134302822925578
0.08289597631543534,0.713857998289136
0.08329969048580271,0.713857998289136
0.08329969048580271,0.7147134302822925
0.08343426187592518,0.7147134302822925
0.08343426187592518,0.7151411462788708
0.08356883326604764,0.7151411462788708
0.08356883326604764,0.7155688622754491
0.0837034046561701,0.7155688622754491
0.0837034046561701,0.7159965782720273
0.08424169021665993,0.7159965782720273
0.08424169021665993,0.7164242942686057
0.0843762616067824,0.7164242942686057
0.0843762616067824,0.716852010265184
0.08451083299690486,0.716852010265184
0.08451083299690486,0.7172797262617622
0.08558740411788454,0.7172797262617622
0.08558740411788454,0.7177074422583405
0.08626026106849684,0.7177074422583405
0.08626026106849684,0.7181351582549187
0.08679854662898667,0.7181351582549187
0.08679854662898667,0.718562874251497
0.08733683218947652,0.718562874251497
0.08733683218947652,0.7194183062446535
0.08827883192033374,0.7194183062446535
0.08827883192033374,0.7198460222412318
0.08868254609070111,0.7198460222412318
0.08868254609070111,0.7207014542343884
0.08881711748082358,0.7207014542343884
0.08881711748082358,0.7211291702309667
0.08895168887094604,0.7211291702309667
0.08895168887094604,0.7215568862275449
0.08922083165119096,0.7215568862275449
0.08922083165119096,0.7219846022241232
0.09016283138204817,0.7219846022241232
0.09016283138204817,0.7224123182207014
0.0904319741622931,0.7224123182207014
0.0904319741622931,0.723267750213858
0.09056654555241556,0.723267750213858
0.09056654555241556,0.7241231822070145
0.09083568833266048,0.7241231822070145
0.09083568833266048,0.7249786142001711
0.0917776880635177,0.7249786142001711
0.0917776880635177,0.7262617621899059
0.09191225945364015,0.7262617621899059
0.09191225945364015,0.7266894781864842
0.09231597362400754,0.7266894781864842
0.09231597362400754,0.7271171941830624
0.09366168752523213,0.7271171941830624
0.09366168752523213,0.7279726261762189
0.09379625891535459,0.7279726261762189
0.09379625891535459,0.7284003421727973
0.09393083030547705,0.7284003421727973
0.09393083030547705,0.7288280581693756
0.09406540169559952,0.7288280581693756
0.09406540169559952,0.7292557741659538
0.09419997308572198,0.7292557741659538
0.09419997308572198,0.7313943541488451
0.09433454447584444,0.7313943541488451
0.09433454447584444,0.7318220701454234
0.09487283003633427,0.7318220701454234
0.09487283003633427,0.7322497861420018
0.0951419728165792,0.7322497861420018
0.0951419728165792,0.7331052181351583
0.09568025837706903,0.7331052181351583
0.09568025837706903,0.7335329341317365
0.0958148297671915,0.7335329341317365
0.0958148297671915,0.7343883661248931
0.09621854393755888,0.7343883661248931
0.09621854393755888,0.7348160821214713
0.09689140088817118,0.7348160821214713
0.09689140088817118,0.7356715141146278
0.09716054366841609,0.7356715141146278
0.09716054366841609,0.7369546621043627
0.09729511505853855,0.7369546621043627
0.09729511505853855,0.737382378100941
0.09756425783878347,0.737382378100941
0.09756425783878347,0.7378100940975193
0.09796797200915086,0.7378100940975193
0.09796797200915086,0.739093242087254
0.0985062575696407,0.739093242087254
0.0985062575696407,0.7395209580838323
0.09864082895976316,0.7395209580838323
0.09864082895976316,0.7399486740804107
0.09877540034988562,0.7399486740804107
0.09877540034988562,0.7403763900769889
0.09917911452025299,0.7403763900769889
0.09917911452025299,0.7408041060735672
0.09958282869062038,0.7408041060735672
0.09958282869062038,0.742087254063302
0.09971740008074284,0.742087254063302
0.09971740008074284,0.7425149700598802
0.09998654286098775,0.7425149700598802
0.09998654286098775,0.7429426860564585
0.10092854259184497,0.7429426860564585
0.10092854259184497,0.7433704020530368
0.10227425649306958,0.7433704020530368
0.10227425649306958,0.743798118049615
0.10240882788319203,0.743798118049615
0.10240882788319203,0.7442258340461934
0.10254339927331449,0.7442258340461934
0.10254339927331449,0.7450812660393499
0.10308168483380434,0.7450812660393499
0.10308168483380434,0.7459366980325064
0.10335082761404925,0.7459366980325064
0.10335082761404925,0.7467921300256629
0.10335082761404925,0.7472198460222412
0.10348539900417171,0.7472198460222412
0.10348539900417171,0.7476475620188195
0.10375454178441663,0.7476475620188195
0.10375454178441663,0.7480752780153977
0.10402368456466156,0.7480752780153977
0.10429282734490647,0.7480752780153977
0.10429282734490647,0.7485029940119761
0.10617682680662091,0.7485029940119761
0.10617682680662091,0.7489307100085543
0.10671511236711075,0.7489307100085543
0.10671511236711075,0.7497861420017109
0.10738796931772306,0.7497861420017109
0.10738796931772306,0.7502138579982891
0.10765711209796797,0.7502138579982891
0.10765711209796797,0.7506415739948674
0.10940654016955995,0.7506415739948674
0.10940654016955995,0.7510692899914457
0.10954111155968241,0.7510692899914457
0.10954111155968241,0.7514970059880239
0.1099448257300498,0.7514970059880239
0.1099448257300498,0.7519247219846023
0.11048311129053963,0.7519247219846023
0.11048311129053963,0.7532078699743371
0.11061768268066209,0.7532078699743371
0.11061768268066209,0.7536355859709153
0.11155968241151931,0.7536355859709153
0.11155968241151931,0.7544910179640718
0.11169425380164177,0.7544910179640718
0.11169425380164177,0.7549187339606501
0.11277082492262146,0.7549187339606501
0.11277082492262146,0.7557741659538066
0.11303996770286637,0.7557741659538066
0.11303996770286637,0.756201881950385
0.11357825326335622,0.756201881950385
0.11357825326335622,0.7570573139435415
0.11371282465347866,0.7570573139435415
0.11371282465347866,0.7574850299401198
0.11425111021396851,0.7574850299401198
0.11425111021396851,0.757912745936698
0.11452025299421344,0.757912745936698
0.11452025299421344,0.7583404619332763
0.11519310994482573,0.7583404619332763
0.11519310994482573,0.7587681779298546
0.1155968241151931,0.7587681779298546
0.1155968241151931,0.7604790419161677
0.11586596689543803,0.7604790419161677
0.11586596689543803,0.7613344739093242
0.11667339523617279,0.7613344739093242
0.11667339523617279,0.7617621899059025
0.11707710940654018,0.7617621899059025
0.11707710940654018,0.762617621899059
0.11761539496703001,0.762617621899059
0.11761539496703001,0.7634730538922155
0.1182882519176423,0.7634730538922155
0.1182882519176423,0.7643284858853722
0.11855739469788723,0.7643284858853722
0.11855739469788723,0.7651839178785287
0.11869196608800969,0.7651839178785287
0.11869196608800969,0.7656116338751069
0.1189611088682546,0.7656116338751069
0.1189611088682546,0.7660393498716852
0.11949939442874445,0.7660393498716852
0.11949939442874445,0.7677502138579982
0.11976853720898938,0.7677502138579982
0.11976853720898938,0.7681779298545766
0.12003767998923429,0.7681779298545766
0.12003767998923429,0.7694610778443114
0.12057596554972413,0.7694610778443114
0.12057596554972413,0.7711719418306244
0.12097967972009151,0.7711719418306244
0.12097967972009151,0.7715996578272027
0.12192167945094873,0.7715996578272027
0.12192167945094873,0.7720273738237811
0.12245996501143856,0.7720273738237811
0.12245996501143856,0.7733105218135158
0.12340196474229578,0.7733105218135158
0.12340196474229578,0.7741659538066724
0.12353653613241825,0.7741659538066724
0.12353653613241825,0.7745936698032506
0.12394025030278563,0.7745936698032506
0.12394025030278563,0.7754491017964071
0.1240748216929081,0.7754491017964071
0.1240748216929081,0.7771599657827203
0.124343964473153,0.7771599657827203
0.124343964473153,0.7775876817792986
0.12461310725339793,0.7775876817792986
0.12461310725339793,0.7780153977758768
0.12474767864352039,0.7780153977758768
0.12474767864352039,0.7784431137724551
0.12515139281388776,0.7784431137724551
0.12515139281388776,0.7792985457656116
0.1254205355941327,0.7792985457656116
0.1254205355941327,0.77972626176219
0.12595882115462254,0.77972626176219
0.12595882115462254,0.7801539777587682
0.12622796393486746,0.7801539777587682
0.12622796393486746,0.7805816937553465
0.12649710671511236,0.7805816937553465
0.12649710671511236,0.7810094097519247
0.1270353922756022,0.7810094097519247
0.1270353922756022,0.781437125748503
0.12824653478670434,0.781437125748503
0.1283811061768268,0.7818648417450813
0.1283811061768268,0.7822925577416595
0.1290539631274391,0.7822925577416595
0.1290539631274391,0.7827202737382378
0.12959224868792896,0.7827202737382378
0.12959224868792896,0.783147989734816
0.12972682007805142,0.783147989734816
0.12972682007805142,0.7844311377245509
0.12986139146817385,0.7844311377245509
0.12986139146817385,0.7848588537211292
0.13093796258915355,0.7848588537211292
0.13093796258915355,0.7852865697177075
0.13134167675952094,0.7852865697177075
0.13134167675952094,0.7865697177074422
0.13161081953976583,0.7865697177074422
0.13161081953976583,0.7869974337040205
0.1317453909298883,0.7869974337040205
0.1317453909298883,0.7874251497005988
0.13201453371013322,0.7874251497005988
0.13201453371013322,0.787852865697177
0.1324182478805006,0.787852865697177
0.1324182478805006,0.7882805816937554
0.13322567622123538,0.7882805816937554
0.13322567622123538,0.7887082976903336
0.1333602476113578,0.7887082976903336
0.1333602476113578,0.7899914456800684
0.13362939039160274,0.7899914456800684
0.13362939039160274,0.7904191616766467
0.1337639617817252,0.7904191616766467
0.1337639617817252,0.7908468776732249
0.13389853317184766,0.7908468776732249
0.13389853317184766,0.7912745936698032
0.13416767595209259,0.7912745936698032
0.13416767595209259,0.7917023096663816
0.1344368187323375,0.7917023096663816
0.1344368187323375,0.7929854576561164
0.13470596151258243,0.7929854576561164
0.13470596151258243,0.7934131736526946
0.13524424707307225,0.7934131736526946
0.13524424707307225,0.7938408896492729
0.13551338985331718,0.7938408896492729
0.13551338985331718,0.7942686056458511
0.13564796124343964,0.7942686056458511
0.13564796124343964,0.7946963216424294
0.13591710402368457,0.7946963216424294
0.13591710402368457,0.7951240376390077
0.13632081819405195,0.7951240376390077
0.13632081819405195,0.795551753635586
0.13658996097429688,0.795551753635586
0.13658996097429688,0.7964071856287425
0.13685910375454177,0.7964071856287425
0.13685910375454177,0.7968349016253208
0.13699367514466423,0.7968349016253208
0.13699367514466423,0.7985457656116339
0.137801103485399,0.7985457656116339
0.137801103485399,0.7998289136013687
0.13793567487552147,0.7998289136013687
0.13793567487552147,0.800256629597947
0.13807024626564393,0.800256629597947
0.13807024626564393,0.8006843455945253
0.13847396043601132,0.8006843455945253
0.13847396043601132,0.8011120615911035
0.1391468173866236,0.8011120615911035
0.1391468173866236,0.8015397775876818
0.13928138877674606,0.8015397775876818
0.13941596016686852,0.8023952095808383
0.139550531556991,0.8023952095808383
0.139550531556991,0.8028229255774166
0.1398196743372359,0.8028229255774166
0.1398196743372359,0.8032506415739948
0.13995424572735837,0.8032506415739948
0.13995424572735837,0.8036783575705732
0.14035795989772573,0.8036783575705732
0.14035795989772573,0.8041060735671514
0.1404925312878482,0.8041060735671514
0.1404925312878482,0.804961505560308
0.14076167406809312,0.804961505560308
0.14076167406809312,0.8053892215568862
0.14089624545821558,0.8053892215568862
0.14089624545821558,0.8062446535500428
0.1411653882384605,0.8062446535500428
0.1411653882384605,0.806672369546621
0.1425111021396851,0.806672369546621
0.1425111021396851,0.8071000855431993
0.14264567352980756,0.8071000855431993
0.14264567352980756,0.8075278015397775
0.14304938770017495,0.8075278015397775
0.14304938770017495,0.8079555175363559
0.1431839590902974,0.8079555175363559
0.1431839590902974,0.8083832335329342
0.1438568160409097,0.8083832335329342
0.1438568160409097,0.8092386655260907
0.14412595882115461,0.8092386655260907
0.14412595882115461,0.8100940975192472
0.1458753868927466,0.8100940975192472
0.1458753868927466,0.8109495295124037
0.14627910106311398,0.8109495295124037
0.14627910106311398,0.811377245508982
0.14668281523348137,0.811377245508982
0.14668281523348137,0.8118049615055604
0.14775938635446104,0.8118049615055604
0.14775938635446104,0.8126603934987169
0.14816310052482842,0.8126603934987169
0.14843224330507335,0.8126603934987169
0.1485668146951958,0.8126603934987169
0.1485668146951958,0.8135158254918734
0.15018167137666533,0.8135158254918734
0.15018167137666533,0.8139435414884517
0.15045081415691025,0.8139435414884517
0.15045081415691025,0.8147989734816082
0.1505853855470327,0.8147989734816082
0.1505853855470327,0.8152266894781864
0.1508545283272776,0.8152266894781864
0.1508545283272776,0.8156544054747648
0.15098909971740007,0.8156544054747648
0.15098909971740007,0.8160821214713431
0.151258242497645,0.8160821214713431
0.151258242497645,0.8165098374679213
0.1519310994482573,0.8165098374679213
0.1519310994482573,0.8169375534644996
0.15246938500874713,0.8169375534644996
0.15246938500874713,0.8177929854576561
0.1526039563988696,0.8177929854576561
0.1526039563988696,0.8182207014542344
0.15300767056923698,0.8182207014542344
0.15300767056923698,0.8186484174508126
0.15314224195935944,0.8186484174508126
0.15314224195935944,0.8195038494439693
0.1542188130803391,0.8195038494439693
0.1542188130803391,0.8203592814371258
0.15475709864082896,0.8203592814371258
0.15475709864082896,0.820786997433704
0.15516081281119634,0.820786997433704
0.15516081281119634,0.8216424294268606
0.15583366976180865,0.8216424294268606
0.15583366976180865,0.8220701454234388
0.15637195532229847,0.8220701454234388
0.15637195532229847,0.8224978614200171
0.15758309783340063,0.8224978614200171
0.15758309783340063,0.823781009409752
0.15771766922352307,0.823781009409752
0.15771766922352307,0.8242087254063302
0.15825595478401291,0.8242087254063302
0.15825595478401291,0.8246364414029085
0.15839052617413538,0.8246364414029085
0.15839052617413538,0.8250641573994867
0.15892881173462522,0.8250641573994867
0.15892881173462522,0.8263473053892215
0.1590633831247477,0.8263473053892215
0.1590633831247477,0.8267750213857998
0.1596016686852375,0.8267750213857998
0.1596016686852375,0.8272027373823782
0.16094738258646213,0.8272027373823782
0.16094738258646213,0.8276304533789564
0.1613510967568295,0.8276304533789564
0.1613510967568295,0.8280581693755347
0.1620239537074418,0.8280581693755347
0.1620239537074418,0.8284858853721129
0.16215852509756426,0.8284858853721129
0.16215852509756426,0.8289136013686912
0.16283138204817657,0.8289136013686912
0.16283138204817657,0.8293413173652695
0.16471538150989098,0.8293413173652695
0.16471538150989098,0.8297690333618477
0.16579195263087068,0.8297690333618477
0.16579195263087068,0.830196749358426
0.1660610954111156,0.830196749358426
0.1660610954111156,0.8306244653550042
0.16646480958148296,0.8306244653550042
0.16646480958148296,0.8310521813515825
0.1674068093123402,0.8310521813515825
0.1674068093123402,0.8314798973481609
0.16794509487283005,0.8314798973481609
0.16794509487283005,0.8323353293413174
0.1680796662629525,0.8323353293413174
0.1680796662629525,0.8331907613344739
0.16861795182344233,0.8331907613344739
0.16861795182344233,0.834901625320787
0.16888709460368725,0.834901625320787
0.16888709460368725,0.8353293413173652
0.16915623738393218,0.8353293413173652
0.16915623738393218,0.8357570573139436
0.16929080877405464,0.8357570573139436
0.1694253801641771,0.8361847733105218
0.17009823711478939,0.8361847733105218
0.17009823711478939,0.8366124893071001
0.17023280850491185,0.8366124893071001
0.17023280850491185,0.8370402053036784
0.17050195128515677,0.8370402053036784
0.17050195128515677,0.8374679213002566
0.1707710940654017,0.8374679213002566
0.1707710940654017,0.8383233532934131
0.17090566545552416,0.8383233532934131
0.17090566545552416,0.839606501283148
0.17104023684564662,0.839606501283148
0.17104023684564662,0.8400342172797263
0.17252052213699368,0.8400342172797263
0.17252052213699368,0.8404619332763046
0.17332795047772845,0.8404619332763046
0.17332795047772845,0.8408896492728828
0.17346252186785088,0.8408896492728828
0.17346252186785088,0.8413173652694611
0.17386623603821827,0.8413173652694611
0.17386623603821827,0.8417450812660393
0.1741353788184632,0.8417450812660393
0.1741353788184632,0.8421727972626176
0.17467366437895304,0.8421727972626176
0.17467366437895304,0.8426005132591959
0.17534652132956532,0.8426005132591959
0.17534652132956532,0.8434559452523525
0.17588480689005517,0.8434559452523525
0.17588480689005517,0.8438836612489307
0.17655766384066748,0.8438836612489307
0.17655766384066748,0.844311377245509
0.1768268066209124,0.844311377245509
0.1768268066209124,0.8447390932420873
0.17696137801103484,0.8447390932420873
0.17696137801103484,0.8451668092386655
0.1770959494011573,0.8451668092386655
0.1770959494011573,0.8455945252352438
0.17723052079127977,0.8455945252352438
0.17723052079127977,0.8460222412318221
0.1774996635715247,0.8460222412318221
0.1774996635715247,0.8464499572284003
0.17776880635176961,0.8464499572284003
0.17776880635176961,0.8468776732249786
0.178172520522137,0.8468776732249786
0.178172520522137,0.8473053892215568
0.17830709191225946,0.8473053892215568
0.17830709191225946,0.8477331052181352
0.17830709191225946,0.8485885372112917
0.17871080608262682,0.8485885372112917
0.17871080608262682,0.84901625320787
0.17924909164311667,0.84901625320787
0.17924909164311667,0.8494439692044482
0.1795182344233616,0.8494439692044482
0.17992194859372898,0.8494439692044482
0.17992194859372898,0.8498716852010265
0.18072937693446373,0.8498716852010265
0.18072937693446373,0.8502994011976048
0.18126766249495357,0.8502994011976048
0.18126766249495357,0.850727117194183
0.18140223388507604,0.850727117194183
0.18140223388507604,0.8511548331907614
0.18167137666532096,0.8511548331907614
0.18167137666532096,0.8520102651839179
0.18194051944556588,0.8520102651839179
0.18194051944556588,0.8524379811804962
0.18207509083568832,0.8524379811804962
0.18207509083568832,0.8528656971770744
0.1824788050060557,0.8528656971770744
0.1824788050060557,0.8541488451668092
0.18261337639617817,0.8541488451668092
0.18261337639617817,0.8545765611633875
0.18315166195666802,0.8545765611633875
0.18315166195666802,0.8550042771599657
0.18342080473691294,0.8550042771599657
0.18342080473691294,0.8558597091531224
0.1835553761270354,0.8558597091531224
0.1835553761270354,0.8562874251497006
0.18422823307764769,0.8562874251497006
0.18422823307764769,0.8567151411462789
0.18517023280850492,0.8567151411462789
0.18517023280850492,0.8579982891360137
0.18543937558874984,0.8579982891360137
0.18543937558874984,0.8584260051325919
0.18597766114923966,0.8584260051325919
0.18597766114923966,0.8588537211291702
0.18638137531960705,0.8588537211291702
0.18638137531960705,0.8592814371257484
0.18732337505046426,0.8592814371257484
0.18732337505046426,0.8597091531223268
0.1878616606109541,0.8597091531223268
0.1878616606109541,0.8601368691189051
0.18853451756156642,0.8601368691189051
0.18853451756156642,0.8605645851154833
0.18880366034181134,0.8605645851154833
0.18880366034181134,0.8609923011120616
0.1889382317319338,0.8609923011120616
0.1889382317319338,0.8614200171086399
0.18907280312205624,0.8614200171086399
0.18907280312205624,0.8618477331052181
0.18947651729242362,0.8618477331052181
0.18947651729242362,0.8627031650983746
0.19082223119364822,0.8627031650983746
0.19082223119364822,0.863130881094953
0.19270623065536266,0.863130881094953
0.19270623065536266,0.8644140290846878
0.19310994482573005,0.8644140290846878
0.19310994482573005,0.8652694610778443
0.19432108733683218,0.8652694610778443
0.19432108733683218,0.8656971770744226
0.19445565872695464,0.8656971770744226
0.19445565872695464,0.8661248930710008
0.19485937289732203,0.8661248930710008
0.19485937289732203,0.8665526090675791
0.19674337235903647,0.8665526090675791
0.19674337235903647,0.8669803250641575
0.19728165791952632,0.8669803250641575
0.19728165791952632,0.8674080410607357
0.19741622930964878,0.8674080410607357
0.19741622930964878,0.867835757057314
0.19835822904050598,0.867835757057314
0.19835822904050598,0.8682634730538922
0.19849280043062845,0.8682634730538922
0.19849280043062845,0.8686911890504705
0.1990310859911183,0.8686911890504705
0.1990310859911183,0.869546621043627
0.19956937155160812,0.869546621043627
0.19956937155160812,0.8699743370402053
0.20024222850222043,0.8699743370402053
0.20024222850222043,0.8704020530367835
0.20051137128246535,0.8704020530367835
0.20051137128246535,0.8708297690333618
0.2006459426725878,0.8708297690333618
0.2006459426725878,0.8712574850299402
0.2044139415960167,0.8712574850299402
0.2044139415960167,0.8716852010265184
0.20454851298613916,0.8716852010265184
0.20454851298613916,0.8725406330196749
0.20468308437626162,0.8725406330196749
0.20468308437626162,0.8729683490162532
0.20481765576638405,0.8729683490162532
0.20481765576638405,0.8733960650128315
0.20495222715650652,0.8733960650128315
0.20495222715650652,0.8738237810094097
0.2053559413268739,0.8738237810094097
0.2053559413268739,0.874251497005988
0.2057596554972413,0.874251497005988
0.2057596554972413,0.8746792130025663
0.20656708383797603,0.8746792130025663
0.20656708383797603,0.8751069289991446
0.20750908356883327,0.8751069289991446
0.20750908356883327,0.8763900769888794
0.20764365495895573,0.8763900769888794
0.20764365495895573,0.8772455089820359
0.20791279773920066,0.8772455089820359
0.20791279773920066,0.8781009409751924
0.20804736912932312,0.8781009409751924
0.20804736912932312,0.878956372968349
0.2087202260799354,0.878956372968349
0.2087202260799354,0.8793840889649273
0.20925851164042525,0.8793840889649273
0.20925851164042525,0.8798118049615056
0.2093930830305477,0.8798118049615056
0.2093930830305477,0.8802395209580839
0.20952765442067017,0.8802395209580839
0.20952765442067017,0.8806672369546621
0.21087336832189477,0.8806672369546621
0.21087336832189477,0.8810949529512404
0.21100793971201723,0.8810949529512404
0.21100793971201723,0.8819503849443969
0.21248822500336428,0.8819503849443969
0.21248822500336428,0.8828058169375534
0.21262279639348675,0.8828058169375534
0.21262279639348675,0.8840889649272883
0.21423765307495626,0.8840889649272883
0.21423765307495626,0.8845166809238666
0.2170636522675279,0.8845166809238666
0.2170636522675279,0.8849443969204448
0.21760193782801776,0.8849443969204448
0.21760193782801776,0.8853721129170231
0.21773650921814022,0.8853721129170231
0.21773650921814022,0.8857998289136013
0.21827479477863007,0.8857998289136013
0.21827479477863007,0.8875106928999145
0.2194859372897322,0.8875106928999145
0.2194859372897322,0.8879384088964928
0.21975508006997713,0.8879384088964928
0.21975508006997713,0.888366124893071
0.22056250841071187,0.888366124893071
0.22056250841071187,0.8892215568862275
0.2208316511909568,0.8892215568862275
0.2208316511909568,0.8896492728828058
0.22096622258107926,0.8896492728828058
0.22096622258107926,0.8900769888793841
0.22204279370205895,0.8900769888793841
0.22204279370205895,0.8905047048759623
0.22311936482303862,0.8905047048759623
0.22311936482303862,0.8909324208725407
0.22365765038352847,0.8909324208725407
0.22365765038352847,0.8913601368691189
0.22446507872426322,0.8913601368691189
0.22446507872426322,0.8922155688622755
0.22473422150450814,0.8922155688622755
0.22473422150450814,0.8926432848588537
0.22500336428475307,0.8926432848588537
0.22500336428475307,0.893071000855432
0.22554164984524291,0.893071000855432
0.22554164984524291,0.8934987168520102
0.22634907818597766,0.8934987168520102
0.22634907818597766,0.8939264328485885
0.2272910779168349,0.8939264328485885
0.2272910779168349,0.8943541488451668
0.22971336293903916,0.8943541488451668
0.22971336293903916,0.8952095808383234
0.2309245054501413,0.8952095808383234
0.2309245054501413,0.8956372968349017
0.23213564796124345,0.8956372968349017
0.23213564796124345,0.8969204448246364
0.23267393352173327,0.8969204448246364
0.23267393352173327,0.897775876817793
0.2340196474229579,0.897775876817793
0.2340196474229579,0.8982035928143712
0.23482707576369263,0.8982035928143712
0.23482707576369263,0.8986313088109495
0.23549993271430494,0.8986313088109495
0.23549993271430494,0.8990590248075278
0.23684564661552954,0.8990590248075278
0.23684564661552954,0.8994867408041061
0.23778764634638677,0.8994867408041061
0.23778764634638677,0.9003421727972626
0.23819136051675413,0.9003421727972626
0.23819136051675413,0.9007698887938409
0.2389987888574889,0.9007698887938409
0.2389987888574889,0.9011976047904192
0.2394025030278563,0.9011976047904192
0.2394025030278563,0.9016253207869974
0.2410173597093258,0.9016253207869974
0.2410173597093258,0.9020530367835757
0.24128650248957073,0.9020530367835757
0.24128650248957073,0.9024807527801539
0.24142107387969317,0.9024807527801539
0.24142107387969317,0.9033361847733106
0.24182478805006055,0.9033361847733106
0.24182478805006055,0.9037639007698888
0.24222850222042794,0.9037639007698888
0.24222850222042794,0.9041916167664671
0.24263221639079532,0.9041916167664671
0.24263221639079532,0.9046193327630453
0.24491993002287712,0.9046193327630453
0.24491993002287712,0.9050470487596236
0.24518907280312205,0.9050470487596236
0.24518907280312205,0.9054747647562019
0.24599650114385682,0.9054747647562019
0.24599650114385682,0.9059024807527801
0.2470730722648365,0.9059024807527801
0.2470730722648365,0.9063301967493584
0.24801507199569373,0.9063301967493584
0.24801507199569373,0.9067579127459366
0.24828421477593862,0.9067579127459366
0.24828421477593862,0.907185628742515
0.24855335755618355,0.907185628742515
0.24855335755618355,0.9076133447390933
0.24922621450679586,0.9076133447390933
0.24922621450679586,0.9080410607356715
0.2513793567487552,0.9080410607356715
0.2513793567487552,0.9084687767322498
0.2515139281388777,0.9084687767322498
0.2515139281388777,0.9088964927288281
0.25191764230924507,0.9088964927288281
0.25191764230924507,0.9093242087254063
0.25218678508949,0.9093242087254063
0.25218678508949,0.9106073567151411
0.2524559278697349,0.9106073567151411
0.2524559278697349,0.9110350727117195
0.25285964204010225,0.9110350727117195
0.25285964204010225,0.9114627887082977
0.2544744987215718,0.9114627887082977
0.2544744987215718,0.911890504704876
0.25608935540304134,0.911890504704876
0.25608935540304134,0.9123182207014542
0.2563584981832862,0.9123182207014542
0.2563584981832862,0.9127459366980325
0.25662764096353113,0.9127459366980325
0.25662764096353113,0.913601368691189
0.257165926524021,0.913601368691189
0.257165926524021,0.9140290846877673
0.2574350693042659,0.9140290846877673
0.2574350693042659,0.9144568006843456
0.25904992598573545,0.9144568006843456
0.25904992598573545,0.9148845166809239
0.2618759251783071,0.9148845166809239
0.2618759251783071,0.9153122326775022
0.2630870676894092,0.9153122326775022
0.2630870676894092,0.9157399486740804
0.26362535324989905,0.9157399486740804
0.26362535324989905,0.9161676646706587
0.2637599246400215,0.9161676646706587
0.2637599246400215,0.9170230966638152
0.2641636388103889,0.9170230966638152
0.2641636388103889,0.9174508126603935
0.2649710671511237,0.9174508126603935
0.2649710671511237,0.9178785286569717
0.265643924101736,0.9178785286569717
0.265643924101736,0.91830624465355
0.26658592383259316,0.91830624465355
0.26658592383259316,0.9187339606501284
0.2668550666128381,0.9187339606501284
0.2668550666128381,0.9191616766467066
0.2675279235634504,0.9191616766467066
0.2675279235634504,0.9195893926432849
0.2677970663436953,0.9195893926432849
0.2677970663436953,0.9200171086398631
0.26873906607455256,0.9200171086398631
0.26873906607455256,0.9204448246364414
0.268873637464675,0.9204448246364414
0.268873637464675,0.9217279726261762
0.2726416363881039,0.9217279726261762
0.2726416363881039,0.9221556886227545
0.27317992194859375,0.9221556886227545
0.27317992194859375,0.9225834046193327
0.27412192167945093,0.9225834046193327
0.27412192167945093,0.9230111206159111
0.27506392141030817,0.9230111206159111
0.27506392141030817,0.9234388366124893
0.2764096353115328,0.9234388366124893
0.2764096353115328,0.9242942686056459
0.280581348405329,0.9242942686056459
0.280581348405329,0.9247219846022241
0.2819270623065536,0.9247219846022241
0.2819270623065536,0.9251497005988024
0.28259991925716593,0.9251497005988024
0.28259991925716593,0.9255774165953806
0.2827344906472884,0.9255774165953806
0.2827344906472884,0.9260051325919589
0.2834073475979007,0.9260051325919589
0.2834073475979007,0.9264328485885372
0.28367649037814563,0.9264328485885372
0.28367649037814563,0.9268605645851155
0.28556048983986004,0.9268605645851155
0.28556048983986004,0.9272882805816938
0.28596420401022743,0.9272882805816938
0.28596420401022743,0.927715996578272
0.28623334679047235,0.927715996578272
0.28623334679047235,0.9285714285714286
0.2863679181805948,0.9285714285714286
0.2863679181805948,0.9289991445680068
0.28690620374108466,0.9289991445680068
0.28690620374108466,0.9298545765611634
0.2871753465213296,0.9298545765611634
0.2871753465213296,0.9302822925577416
0.2877136320818194,0.9302822925577416
0.2877136320818194,0.93071000855432
0.2883864890324317,0.93071000855432
0.2883864890324317,0.9311377245508982
0.28852106042255415,0.9311377245508982
0.28852106042255415,0.9315654405474765
0.28959763154353385,0.9315654405474765
0.28959763154353385,0.9319931565440548
0.2897322029336563,0.9319931565440548
0.2897322029336563,0.932420872540633
0.29000134571390124,0.932420872540633
0.29000134571390124,0.9328485885372113
0.2901359171040237,0.9328485885372113
0.2901359171040237,0.9332763045337895
0.2937693446373301,0.9332763045337895
0.2937693446373301,0.9337040205303678
0.29403848741757505,0.9337040205303678
0.29403848741757505,0.9341317365269461
0.29524962992867715,0.9341317365269461
0.29524962992867715,0.9349871685201027
0.29672991522002423,0.9349871685201027
0.29672991522002423,0.9358426005132592
0.2984793432916162,0.9358426005132592
0.2984793432916162,0.9362703165098375
0.29861391468173865,0.9362703165098375
0.29861391468173865,0.9366980325064157
0.30036334275333065,0.9366980325064157
0.30036334275333065,0.937125748502994
0.3013053424841879,0.937125748502994
0.3013053424841879,0.9375534644995723
0.30157448526443276,0.9375534644995723
0.30157448526443276,0.9379811804961505
0.3031893419459023,0.9379811804961505
0.3031893419459023,0.938836612489307
0.3034584847261472,0.938836612489307
0.3034584847261472,0.9392643284858854
0.3038621988965146,0.9392643284858854
0.3038621988965146,0.9396920444824637
0.30413134167675954,0.9396920444824637
0.30413134167675954,0.9401197604790419
0.304265913066882,0.9401197604790419
0.304265913066882,0.9405474764756202
0.30493877001749425,0.9405474764756202
0.30493877001749425,0.9409751924721984
0.30668819808908626,0.9409751924721984
0.30668819808908626,0.9414029084687767
0.3069573408693312,0.9414029084687767
0.3069573408693312,0.941830624465355
0.3072264836495761,0.941830624465355
0.3072264836495761,0.9426860564585116
0.3091104831112905,0.9426860564585116
0.3091104831112905,0.9431137724550899
0.30937962589153545,0.9431137724550899
0.30937962589153545,0.9435414884516681
0.3116673395236173,0.9435414884516681
0.3116673395236173,0.9443969204448246
0.31180191091373977,0.9443969204448246
0.31180191091373977,0.9448246364414029
0.3139550531556991,0.9448246364414029
0.3139550531556991,0.9452523524379812
0.3166464809581483,0.9452523524379812
0.3166464809581483,0.9456800684345594
0.31785762346925045,0.9456800684345594
0.31785762346925045,0.9461077844311377
0.3179921948593729,0.9461077844311377
0.3179921948593729,0.946535500427716
0.3196070515408424,0.946535500427716
0.3196070515408424,0.9469632164242943
0.3210873368321895,0.9469632164242943
0.3210873368321895,0.9473909324208726
0.3213564796124344,0.9473909324208726
0.3213564796124344,0.9478186484174508
0.3217601937828018,0.9478186484174508
0.3217601937828018,0.9486740804106074
0.32350962185439375,0.9486740804106074
0.32350962185439375,0.9491017964071856
0.324451621585251,0.9491017964071856
0.324451621585251,0.9495295124037639
0.32647019243708786,0.9495295124037639
0.32647019243708786,0.9499572284003421
0.3270084779975777,0.9499572284003421
0.3270084779975777,0.9503849443969205
0.3296999058000269,0.9503849443969205
0.3296999058000269,0.9508126603934988
0.33266047638272106,0.9508126603934988
0.33266047638272106,0.951240376390077
0.33279504777284347,0.951240376390077
0.33279504777284347,0.9516680923866553
0.33723590364688466,0.9516680923866553
0.33723590364688466,0.9520958083832335
0.33992733144933385,0.9520958083832335
0.33992733144933385,0.9525235243798118
0.34100390257031354,0.9525235243798118
0.34100390257031354,0.9529512403763901
0.342887902032028,0.9529512403763901
0.342887902032028,0.9538066723695466
0.3474633292961916,0.9538066723695466
0.3474633292961916,0.9542343883661248
0.34907818597766116,0.9542343883661248
0.34907818597766116,0.9550898203592815
0.3527116135109676,0.9550898203592815
0.3527116135109676,0.9555175363558597
0.35742161216525364,0.9555175363558597
0.35742161216525364,0.9563729683490163
0.3593056116269681,0.9563729683490163
0.3593056116269681,0.9568006843455945
0.3597093257973355,0.9568006843455945
0.3597093257973355,0.9572284003421728
0.35984389718745796,0.9572284003421728
0.35984389718745796,0.957656116338751
0.3599784685775804,0.957656116338751
0.3599784685775804,0.9580838323353293
0.36293903916027453,0.9580838323353293
0.36293903916027453,0.9585115483319077
0.36482303862198895,0.9585115483319077
0.36482303862198895,0.9589392643284859
0.36778360920468306,0.9589392643284859
0.36778360920468306,0.9593669803250642
0.3707441797873772,0.9593669803250642
0.3707441797873772,0.9597946963216424
0.3716861795182344,0.9597946963216424
0.3716861795182344,0.9602224123182207
0.3767998923428879,0.9602224123182207
0.3767998923428879,0.960650128314799
0.37895303458484725,0.960650128314799
0.37895303458484725,0.9615055603079555
0.3794913201453371,0.9615055603079555
0.3794913201453371,0.9619332763045337
0.38137531960705157,0.9619332763045337
0.38137531960705157,0.962360992301112
0.3821827479477863,0.962360992301112
0.3821827479477863,0.9632164242942686
0.3828556048983986,0.9632164242942686
0.3828556048983986,0.9636441402908469
0.3855470327008478,0.9636441402908469
0.3855470327008478,0.9644995722840034
0.3877001749428072,0.9644995722840034
0.3877001749428072,0.9653550042771599
0.38904588884403174,0.9653550042771599
0.38904588884403174,0.9657827202737382
0.3895841744045216,0.9657827202737382
0.3895841744045216,0.9662104362703166
0.3946978872291751,0.9662104362703166
0.3946978872291751,0.9666381522668948
0.3959090297402772,0.9666381522668948
0.3959090297402772,0.9670658682634731
0.39886960032297136,0.9670658682634731
0.39886960032297136,0.9674935842600513
0.399946171443951,0.9674935842600513
0.399946171443951,0.9679213002566296
0.40088817117480824,0.9679213002566296
0.40088817117480824,0.9683490162532079
0.4096353115327681,0.9683490162532079
0.4096353115327681,0.9687767322497861
0.41098102543399273,0.9687767322497861
0.41098102543399273,0.9692044482463644
0.4121921679450949,0.9692044482463644
0.4121921679450949,0.9696321642429427
0.4129995962858296,0.9696321642429427
0.4129995962858296,0.9700598802395209
0.41313416767595207,0.9700598802395209
0.41313416767595207,0.9704875962360993
0.4147490243574216,0.9704875962360993
0.4147490243574216,0.9709153122326775
0.41501816713766654,0.9709153122326775
0.41501816713766654,0.9713430282292558
0.41528730991791146,0.9713430282292558
0.41528730991791146,0.9721984602224123
0.41569102408827885,0.9721984602224123
0.41569102408827885,0.9730538922155688
0.41932445162158527,0.9730538922155688
0.41932445162158527,0.9734816082121471
0.4204010227425649,0.9734816082121471
0.4204010227425649,0.9739093242087254
0.4212084510832997,0.9739093242087254
0.4212084510832997,0.9743370402053037
0.42497645000672857,0.9743370402053037
0.42497645000672857,0.974764756201882
0.42605302112770826,0.974764756201882
0.42605302112770826,0.9751924721984602
0.4290135917104024,0.9751924721984602
0.4290135917104024,0.9756201881950385
0.42941730588076976,0.9756201881950385
0.42941730588076976,0.9760479041916168
0.43210873368321895,0.9760479041916168
0.43210873368321895,0.976475620188195
0.43614587538689276,0.976475620188195
0.43614587538689276,0.9773310521813516
0.44731530076705694,0.9773310521813516
0.44731530076705694,0.9777587681779298
0.4549858700040371,0.9777587681779298
0.4549858700040371,0.9781864841745082
0.45660072668550666,0.9781864841745082
0.45660072668550666,0.9786142001710864
0.4575427264163639,0.9786142001710864
0.4575427264163639,0.9790419161676647
0.46077243977930293,0.9790419161676647
0.46077243977930293,0.979469632164243
0.4615798681200377,0.979469632164243
0.4615798681200377,0.9798973481608212
0.46225272507064996,0.9798973481608212
0.46225272507064996,0.9803250641573995
0.465482438433589,0.9803250641573995
0.465482438433589,0.981180496150556
0.4712690082088548,0.981180496150556
0.4712690082088548,0.9816082121471343
0.4746332929619163,0.9816082121471343
0.4746332929619163,0.9820359281437125
0.4762481496433858,0.9820359281437125
0.4762481496433858,0.9824636441402909
0.4786704346655901,0.9824636441402909
0.4786704346655901,0.9828913601368692
0.48351500470999864,0.9828913601368692
0.48351500470999864,0.9833190761334474
0.4880904319741623,0.9833190761334474
0.4880904319741623,0.9837467921300257
0.48822500336428476,0.9837467921300257
0.48822500336428476,0.9841745081266039
0.4899744314358767,0.9841745081266039
0.4899744314358767,0.9846022241231822
0.4918584308975912,0.9846022241231822
0.4918584308975912,0.9850299401197605
0.4948190014802853,0.9850299401197605
0.4948190014802853,0.9854576561163387
0.49979814291481633,0.9854576561163387
0.49979814291481633,0.985885372112917
0.5014129995962858,0.985885372112917
0.5014129995962858,0.9863130881094953
0.5046427129592249,0.9863130881094953
0.5046427129592249,0.9867408041060736
0.5082761404925313,0.9867408041060736
0.5082761404925313,0.9871685201026519
0.5097564257838784,0.9871685201026519
0.5097564257838784,0.9875962360992301
0.5098909971740008,0.9875962360992301
0.5098909971740008,0.9880239520958084
0.5255012784282062,0.9880239520958084
0.5255012784282062,0.9884516680923866
0.5333064190553088,0.9884516680923866
0.5333064190553088,0.9888793840889649
0.5358632754676356,0.9888793840889649
0.5358632754676356,0.9893071000855432
0.559413268739066,0.9893071000855432
0.559413268739066,0.9897348160821214
0.5623738393217602,0.9897348160821214
0.5623738393217602,0.9901625320786998
0.5642578387834747,0.9901625320786998
0.5642578387834747,0.9905902480752781
0.5668146951958014,0.9905902480752781
0.5668146951958014,0.9910179640718563
0.5719284080204549,0.9910179640718563
0.5719284080204549,0.9914456800684346
0.572870407751312,0.9914456800684346
0.573139550531557,0.9914456800684346
0.5835015475709864,0.9914456800684346
0.5835015475709864,0.9918733960650128
0.5845781186919661,0.9918733960650128
0.5845781186919661,0.9923011120615911
0.5856546898129458,0.9923011120615911
0.5856546898129458,0.9927288280581694
0.5860584039833131,0.9927288280581694
0.5860584039833131,0.9931565440547476
0.5999192571659265,0.9931565440547476
0.5999192571659265,0.9935842600513259
0.6397523886421747,0.9935842600513259
0.6397523886421747,0.9940119760479041
0.640425245592787,0.9940119760479041
0.640425245592787,0.9944396920444825
0.6564392410173597,0.9944396920444825
0.6564392410173597,0.9948674080410608
0.6565738124074821,0.9948674080410608
0.6565738124074821,0.995295124037639
0.6577849549185844,0.995295124037639
0.6577849549185844,0.9957228400342173
0.6587269546494415,0.9957228400342173
0.6587269546494415,0.9961505560307955
0.6591306688198089,0.9961505560307955
0.6593998116000538,0.9961505560307955
0.660610954111156,0.9961505560307955
0.660610954111156,0.9965782720273738
0.6665320952765442,0.9965782720273738
0.6665320952765442,0.9970059880239521
0.6829498048714843,0.9970059880239521
0.6832189476517292,0.9970059880239521
0.7016552280985062,0.9970059880239521
0.7016552280985062,0.9974337040205303
0.7227829363477325,0.9974337040205303
0.7227829363477325,0.9978614200171086
0.7274929350020186,0.9978614200171086
0.7274929350020186,0.998289136013687
0.729107791683488,0.998289136013687
0.729107791683488,0.9987168520102652
0.751312071053694,0.9987168520102652
0.751312071053694,0.9991445680068435
0.7793029201991657,0.9991445680068435
0.7793029201991657,0.9995722840034217
0.8114654824384336,0.9995722840034217
0.8114654824384336,1.0
0.8362266182209662,1.0
0.8364957610012111,1.0
0.8390526174135379,1.0
0.8393217601937828,1.0
0.8765980352577042,1.0
0.8768671780379491,1.0
0.8853451756156641,1.0
0.885614318395909,1.0
0.887632889247746,1.0
0.8879020320279909,1.0
0.8961108868254609,1.0
0.8963800296057058,1.0
0.9009554568698694,1.0
0.9012245996501144,1.0
0.9032431705019512,1.0
0.9035123132821962,1.0
0.9063383124747678,1.0
0.9066074552550127,1.0
0.9113174539092989,1.0
0.9115865966895438,1.0
0.9218140223388508,1.0
0.9222177365092181,1.0
0.9250437357017898,1.0
0.9253128784820347,1.0
0.9254474498721572,1.0
0.9257165926524021,1.0
0.9354057327412192,1.0
0.9356748755214641,1.0
0.9514197281657919,1.0
0.9516888709460368,1.0
0.9537074417978738,1.0
0.9539765845781187,1.0
0.9545148701386086,1.0
0.9547840129188534,1.0
0.9566680123805679,1.0
0.9569371551608128,1.0
0.96662629524963,1.0
0.9670300094199973,1.0
0.9709325797335486,1.0
0.9712017225137936,1.0
0.9714708652940385,1.0
0.9720091508545283,1.0
0.9725474364150182,1.0
0.9728165791952631,1.0
0.9737585789261203,1.0
0.9740277217063652,1.0
0.9756425783878347,1.0
0.9759117211680797,1.0
0.9767191495088144,1.0
0.9769882922890594,1.0
0.9771228636791818,1.0
0.9773920064594267,1.0
0.9780648634100391,1.0
0.978334006190284,1.0
0.9788722917507738,1.0
0.9791414345310187,1.0
0.9796797200915085,1.0
0.9799488628717534,1.0
0.9810254339927331,1.0
0.981294576772978,1.0
0.9825057192840803,1.0
0.9827748620643251,1.0
0.9862737182075091,1.0
0.9868120037679989,1.0
0.988023146279101,1.0
0.988292289059346,1.0
0.9884268604494685,1.0
0.9886960032297134,1.0
0.9888305746198358,1.0
0.9892342887902033,1.0
0.989772574350693,1.0
0.9900417171309379,1.0
0.9909837168617952,1.0
0.9913874310321625,1.0
0.9920602879827749,1.0
0.9923294307630198,1.0
0.9927331449333872,1.0
0.9930022877136321,1.0
0.9934060018839994,1.0
0.9938097160543669,1.0
0.9946171443951016,1.0
0.9948862871753466,1.0
0.9956937155160813,1.0
0.9959628582963262,1.0
0.9973085721975508,1.0
0.9977122863679182,1.0
0.9986542860987754,1.0
0.9989234288790203,1.0
0.9991925716592652,1.0
0.9994617144395102,1.0
1.0,1.0
